title	author	date	link	emotion	value
The Angels of Film	A. Poulin Jr.	2017-05-02	http://poetry.lib.uidaho.edu/?p=1053	anger	0.1057
The Angels of Film	A. Poulin Jr.	2017-05-02	http://poetry.lib.uidaho.edu/?p=1053	disgust	0.1317
The Angels of Film	A. Poulin Jr.	2017-05-02	http://poetry.lib.uidaho.edu/?p=1053	fear	0.188
The Angels of Film	A. Poulin Jr.	2017-05-02	http://poetry.lib.uidaho.edu/?p=1053	joy	0.2743
The Angels of Film	A. Poulin Jr.	2017-05-02	http://poetry.lib.uidaho.edu/?p=1053	sadness	0.5241
A Childhood	Kim Addonizio	2017-04-11	http://poetry.lib.uidaho.edu/?p=1063	anger	0.5313
A Childhood	Kim Addonizio	2017-04-11	http://poetry.lib.uidaho.edu/?p=1063	disgust	0.1033
A Childhood	Kim Addonizio	2017-04-11	http://poetry.lib.uidaho.edu/?p=1063	fear	0.1491
A Childhood	Kim Addonizio	2017-04-11	http://poetry.lib.uidaho.edu/?p=1063	joy	0.5182
A Childhood	Kim Addonizio	2017-04-11	http://poetry.lib.uidaho.edu/?p=1063	sadness	0.2541
The Chiming of the Hour	Dan Albergotti	2017-01-17	http://poetry.lib.uidaho.edu/index.php/dan-albergotti/the-chiming-of-the-hour/	anger	0.1003
The Chiming of the Hour	Dan Albergotti	2017-01-17	http://poetry.lib.uidaho.edu/index.php/dan-albergotti/the-chiming-of-the-hour/	disgust	0.1728
The Chiming of the Hour	Dan Albergotti	2017-01-17	http://poetry.lib.uidaho.edu/index.php/dan-albergotti/the-chiming-of-the-hour/	fear	0.474
The Chiming of the Hour	Dan Albergotti	2017-01-17	http://poetry.lib.uidaho.edu/index.php/dan-albergotti/the-chiming-of-the-hour/	joy	0.2263
The Chiming of the Hour	Dan Albergotti	2017-01-17	http://poetry.lib.uidaho.edu/index.php/dan-albergotti/the-chiming-of-the-hour/	sadness	0.5013
God and the G-Spot	Ellen Bass	2017-01-05	http://poetry.lib.uidaho.edu/index.php/ellen-bass/god-and-the-g-spot/	anger	0.1502
God and the G-Spot	Ellen Bass	2017-01-05	http://poetry.lib.uidaho.edu/index.php/ellen-bass/god-and-the-g-spot/	disgust	0.415
God and the G-Spot	Ellen Bass	2017-01-05	http://poetry.lib.uidaho.edu/index.php/ellen-bass/god-and-the-g-spot/	fear	0.3965
God and the G-Spot	Ellen Bass	2017-01-05	http://poetry.lib.uidaho.edu/index.php/ellen-bass/god-and-the-g-spot/	joy	0.2709
God and the G-Spot	Ellen Bass	2017-01-05	http://poetry.lib.uidaho.edu/index.php/ellen-bass/god-and-the-g-spot/	sadness	0.5477
Worry	Ellen Bass	2017-01-30	http://poetry.lib.uidaho.edu/index.php/ellen-bass/worry/	anger	0.0874
Worry	Ellen Bass	2017-01-30	http://poetry.lib.uidaho.edu/index.php/ellen-bass/worry/	disgust	0.168
Worry	Ellen Bass	2017-01-30	http://poetry.lib.uidaho.edu/index.php/ellen-bass/worry/	fear	0.4592
Worry	Ellen Bass	2017-01-30	http://poetry.lib.uidaho.edu/index.php/ellen-bass/worry/	joy	0.1758
Worry	Ellen Bass	2017-01-30	http://poetry.lib.uidaho.edu/index.php/ellen-bass/worry/	sadness	0.5058
Self-Portrait in Ink	Bruce Beasley	2017-02-21	http://poetry.lib.uidaho.edu/index.php/bruce-beasley/self-portrait-in-ink/	anger	0.2817
Self-Portrait in Ink	Bruce Beasley	2017-02-21	http://poetry.lib.uidaho.edu/index.php/bruce-beasley/self-portrait-in-ink/	disgust	0.2566
Self-Portrait in Ink	Bruce Beasley	2017-02-21	http://poetry.lib.uidaho.edu/index.php/bruce-beasley/self-portrait-in-ink/	fear	0.3518
Self-Portrait in Ink	Bruce Beasley	2017-02-21	http://poetry.lib.uidaho.edu/index.php/bruce-beasley/self-portrait-in-ink/	joy	0.0652
Self-Portrait in Ink	Bruce Beasley	2017-02-21	http://poetry.lib.uidaho.edu/index.php/bruce-beasley/self-portrait-in-ink/	sadness	0.2128
The Scale by Which the Mapped Concerns the Map	Bruce Beasley	2017-01-19	http://poetry.lib.uidaho.edu/index.php/bruce-beasley/the-scale-by-which-the-mapped-concerns-the-map/	anger	0.1091
The Scale by Which the Mapped Concerns the Map	Bruce Beasley	2017-01-19	http://poetry.lib.uidaho.edu/index.php/bruce-beasley/the-scale-by-which-the-mapped-concerns-the-map/	disgust	0.397
The Scale by Which the Mapped Concerns the Map	Bruce Beasley	2017-01-19	http://poetry.lib.uidaho.edu/index.php/bruce-beasley/the-scale-by-which-the-mapped-concerns-the-map/	fear	0.1534
The Scale by Which the Mapped Concerns the Map	Bruce Beasley	2017-01-19	http://poetry.lib.uidaho.edu/index.php/bruce-beasley/the-scale-by-which-the-mapped-concerns-the-map/	joy	0.4952
The Scale by Which the Mapped Concerns the Map	Bruce Beasley	2017-01-19	http://poetry.lib.uidaho.edu/index.php/bruce-beasley/the-scale-by-which-the-mapped-concerns-the-map/	sadness	0.5224
Getting to Know You	Jeanne Marie Beaumont	2017-04-18	http://poetry.lib.uidaho.edu/?p=1129	anger	0.1353
Getting to Know You	Jeanne Marie Beaumont	2017-04-18	http://poetry.lib.uidaho.edu/?p=1129	disgust	0.114
Getting to Know You	Jeanne Marie Beaumont	2017-04-18	http://poetry.lib.uidaho.edu/?p=1129	fear	0.4299
Getting to Know You	Jeanne Marie Beaumont	2017-04-18	http://poetry.lib.uidaho.edu/?p=1129	joy	0.4651
Getting to Know You	Jeanne Marie Beaumont	2017-04-18	http://poetry.lib.uidaho.edu/?p=1129	sadness	0.2621
Parking Lot	Devin Becker	2017-05-12	http://poetry.lib.uidaho.edu/?p=1147	anger	0.1326
Parking Lot	Devin Becker	2017-05-12	http://poetry.lib.uidaho.edu/?p=1147	disgust	0.41
Parking Lot	Devin Becker	2017-05-12	http://poetry.lib.uidaho.edu/?p=1147	fear	0.143
Parking Lot	Devin Becker	2017-05-12	http://poetry.lib.uidaho.edu/?p=1147	joy	0.2398
Parking Lot	Devin Becker	2017-05-12	http://poetry.lib.uidaho.edu/?p=1147	sadness	0.6575
At the Musée  Rodin in Paris	Laure-Anne Bosselaar	2017-02-16	http://poetry.lib.uidaho.edu/index.php/laure-anne-bosselaar/at-the-musee-rodin-in-paris/	anger	0.1055
At the Musée  Rodin in Paris	Laure-Anne Bosselaar	2017-02-16	http://poetry.lib.uidaho.edu/index.php/laure-anne-bosselaar/at-the-musee-rodin-in-paris/	disgust	0.1969
At the Musée  Rodin in Paris	Laure-Anne Bosselaar	2017-02-16	http://poetry.lib.uidaho.edu/index.php/laure-anne-bosselaar/at-the-musee-rodin-in-paris/	fear	0.1011
At the Musée  Rodin in Paris	Laure-Anne Bosselaar	2017-02-16	http://poetry.lib.uidaho.edu/index.php/laure-anne-bosselaar/at-the-musee-rodin-in-paris/	joy	0.3413
At the Musée  Rodin in Paris	Laure-Anne Bosselaar	2017-02-16	http://poetry.lib.uidaho.edu/index.php/laure-anne-bosselaar/at-the-musee-rodin-in-paris/	sadness	0.4457
Fanny Linguistics: How to Say What You Mean	Nickole Brown	2017-02-07	http://poetry.lib.uidaho.edu/index.php/nickole-brown/fanny-linguistics-how-to-say-what-you-mean/	anger	0.5889
Fanny Linguistics: How to Say What You Mean	Nickole Brown	2017-02-07	http://poetry.lib.uidaho.edu/index.php/nickole-brown/fanny-linguistics-how-to-say-what-you-mean/	disgust	0.4674
Fanny Linguistics: How to Say What You Mean	Nickole Brown	2017-02-07	http://poetry.lib.uidaho.edu/index.php/nickole-brown/fanny-linguistics-how-to-say-what-you-mean/	fear	0.1212
Fanny Linguistics: How to Say What You Mean	Nickole Brown	2017-02-07	http://poetry.lib.uidaho.edu/index.php/nickole-brown/fanny-linguistics-how-to-say-what-you-mean/	joy	0.1204
Fanny Linguistics: How to Say What You Mean	Nickole Brown	2017-02-07	http://poetry.lib.uidaho.edu/index.php/nickole-brown/fanny-linguistics-how-to-say-what-you-mean/	sadness	0.5198
For My Grandmother's Feet, Swollen Again	Nickole Brown	2017-01-27	http://poetry.lib.uidaho.edu/index.php/nickole-brown/for-my-grandmothers-feet-swollen-again/	anger	0.1126
For My Grandmother's Feet, Swollen Again	Nickole Brown	2017-01-27	http://poetry.lib.uidaho.edu/index.php/nickole-brown/for-my-grandmothers-feet-swollen-again/	disgust	0.109
For My Grandmother's Feet, Swollen Again	Nickole Brown	2017-01-27	http://poetry.lib.uidaho.edu/index.php/nickole-brown/for-my-grandmothers-feet-swollen-again/	fear	0.1511
For My Grandmother's Feet, Swollen Again	Nickole Brown	2017-01-27	http://poetry.lib.uidaho.edu/index.php/nickole-brown/for-my-grandmothers-feet-swollen-again/	joy	0.3234
For My Grandmother's Feet, Swollen Again	Nickole Brown	2017-01-27	http://poetry.lib.uidaho.edu/index.php/nickole-brown/for-my-grandmothers-feet-swollen-again/	sadness	0.5521
The Puffball	Fleda Brown	2017-02-22	http://poetry.lib.uidaho.edu/index.php/fleda-brown/the-puffball/	anger	0.2729
The Puffball	Fleda Brown	2017-02-22	http://poetry.lib.uidaho.edu/index.php/fleda-brown/the-puffball/	disgust	0.2547
The Puffball	Fleda Brown	2017-02-22	http://poetry.lib.uidaho.edu/index.php/fleda-brown/the-puffball/	fear	0.3378
The Puffball	Fleda Brown	2017-02-22	http://poetry.lib.uidaho.edu/index.php/fleda-brown/the-puffball/	joy	0.046
The Puffball	Fleda Brown	2017-02-22	http://poetry.lib.uidaho.edu/index.php/fleda-brown/the-puffball/	sadness	0.1165
Venus de Milo	Fleda Brown	2017-02-09	http://poetry.lib.uidaho.edu/index.php/fleda-brown/venus-de-milo/	anger	0.157
Venus de Milo	Fleda Brown	2017-02-09	http://poetry.lib.uidaho.edu/index.php/fleda-brown/venus-de-milo/	disgust	0.1345
Venus de Milo	Fleda Brown	2017-02-09	http://poetry.lib.uidaho.edu/index.php/fleda-brown/venus-de-milo/	fear	0.4236
Venus de Milo	Fleda Brown	2017-02-09	http://poetry.lib.uidaho.edu/index.php/fleda-brown/venus-de-milo/	joy	0.24
Venus de Milo	Fleda Brown	2017-02-09	http://poetry.lib.uidaho.edu/index.php/fleda-brown/venus-de-milo/	sadness	0.5088
String Theories	Deborah Brown	2017-04-10	http://poetry.lib.uidaho.edu/?p=1228	anger	0.1073
String Theories	Deborah Brown	2017-04-10	http://poetry.lib.uidaho.edu/?p=1228	disgust	0.0755
String Theories	Deborah Brown	2017-04-10	http://poetry.lib.uidaho.edu/?p=1228	fear	0.4019
String Theories	Deborah Brown	2017-04-10	http://poetry.lib.uidaho.edu/?p=1228	joy	0.2813
String Theories	Deborah Brown	2017-04-10	http://poetry.lib.uidaho.edu/?p=1228	sadness	0.5994
A Family Story	Deborah Brown	2017-05-17	http://poetry.lib.uidaho.edu/?p=1230	anger	0.2189
A Family Story	Deborah Brown	2017-05-17	http://poetry.lib.uidaho.edu/?p=1230	disgust	0.2331
A Family Story	Deborah Brown	2017-05-17	http://poetry.lib.uidaho.edu/?p=1230	fear	0.4791
A Family Story	Deborah Brown	2017-05-17	http://poetry.lib.uidaho.edu/?p=1230	joy	0.0034
A Family Story	Deborah Brown	2017-05-17	http://poetry.lib.uidaho.edu/?p=1230	sadness	0.2576
Small Sorrows	Deborah Brown	2017-01-23	http://poetry.lib.uidaho.edu/index.php/deborah-brown/small-sorrows/	anger	0.1325
Small Sorrows	Deborah Brown	2017-01-23	http://poetry.lib.uidaho.edu/index.php/deborah-brown/small-sorrows/	disgust	0.4197
Small Sorrows	Deborah Brown	2017-01-23	http://poetry.lib.uidaho.edu/index.php/deborah-brown/small-sorrows/	fear	0.5221
Small Sorrows	Deborah Brown	2017-01-23	http://poetry.lib.uidaho.edu/index.php/deborah-brown/small-sorrows/	joy	0.1099
Small Sorrows	Deborah Brown	2017-01-23	http://poetry.lib.uidaho.edu/index.php/deborah-brown/small-sorrows/	sadness	0.5273
All the Boredoms in the World	Rick Bursky	2017-03-17	http://poetry.lib.uidaho.edu/?p=1236	anger	0.1208
All the Boredoms in the World	Rick Bursky	2017-03-17	http://poetry.lib.uidaho.edu/?p=1236	disgust	0.5798
All the Boredoms in the World	Rick Bursky	2017-03-17	http://poetry.lib.uidaho.edu/?p=1236	fear	0.0857
All the Boredoms in the World	Rick Bursky	2017-03-17	http://poetry.lib.uidaho.edu/?p=1236	joy	0.4492
All the Boredoms in the World	Rick Bursky	2017-03-17	http://poetry.lib.uidaho.edu/?p=1236	sadness	0.4315
birth-day	Lucille Clifton	2017-01-10	http://poetry.lib.uidaho.edu/index.php/lucille-clifton/birth-day/	anger	0.0308
birth-day	Lucille Clifton	2017-01-10	http://poetry.lib.uidaho.edu/index.php/lucille-clifton/birth-day/	disgust	0.0094
birth-day	Lucille Clifton	2017-01-10	http://poetry.lib.uidaho.edu/index.php/lucille-clifton/birth-day/	fear	0.0454
birth-day	Lucille Clifton	2017-01-10	http://poetry.lib.uidaho.edu/index.php/lucille-clifton/birth-day/	joy	0.9119
birth-day	Lucille Clifton	2017-01-10	http://poetry.lib.uidaho.edu/index.php/lucille-clifton/birth-day/	sadness	0.0242
An American Story	Lucille Clifton	2017-05-15	http://poetry.lib.uidaho.edu/?p=1242	anger	0.1803
An American Story	Lucille Clifton	2017-05-15	http://poetry.lib.uidaho.edu/?p=1242	disgust	0.1051
An American Story	Lucille Clifton	2017-05-15	http://poetry.lib.uidaho.edu/?p=1242	fear	0.1017
An American Story	Lucille Clifton	2017-05-15	http://poetry.lib.uidaho.edu/?p=1242	joy	0.2337
An American Story	Lucille Clifton	2017-05-15	http://poetry.lib.uidaho.edu/?p=1242	sadness	0.4444
blessing the boats	Lucille Clifton	2017-05-11	http://poetry.lib.uidaho.edu/?p=1244	anger	0.022
blessing the boats	Lucille Clifton	2017-05-11	http://poetry.lib.uidaho.edu/?p=1244	disgust	0.0372
blessing the boats	Lucille Clifton	2017-05-11	http://poetry.lib.uidaho.edu/?p=1244	fear	0.815
blessing the boats	Lucille Clifton	2017-05-11	http://poetry.lib.uidaho.edu/?p=1244	joy	0.0905
blessing the boats	Lucille Clifton	2017-05-11	http://poetry.lib.uidaho.edu/?p=1244	sadness	0.0617
good times	Lucille Clifton	2017-03-03	http://poetry.lib.uidaho.edu/index.php/lucille-clifton/good-times/	anger	0.1408
good times	Lucille Clifton	2017-03-03	http://poetry.lib.uidaho.edu/index.php/lucille-clifton/good-times/	disgust	0.0408
good times	Lucille Clifton	2017-03-03	http://poetry.lib.uidaho.edu/index.php/lucille-clifton/good-times/	fear	0.0061
good times	Lucille Clifton	2017-03-03	http://poetry.lib.uidaho.edu/index.php/lucille-clifton/good-times/	joy	0.7736
good times	Lucille Clifton	2017-03-03	http://poetry.lib.uidaho.edu/index.php/lucille-clifton/good-times/	sadness	0.0645
homage to my hips	Lucille Clifton	2017-04-04	http://poetry.lib.uidaho.edu/?p=1249	anger	0.1927
homage to my hips	Lucille Clifton	2017-04-04	http://poetry.lib.uidaho.edu/?p=1249	disgust	0.1201
homage to my hips	Lucille Clifton	2017-04-04	http://poetry.lib.uidaho.edu/?p=1249	fear	0.1618
homage to my hips	Lucille Clifton	2017-04-04	http://poetry.lib.uidaho.edu/?p=1249	joy	0.2527
homage to my hips	Lucille Clifton	2017-04-04	http://poetry.lib.uidaho.edu/?p=1249	sadness	0.5143
mother tongue: babylon	Lucille Clifton	2017-05-20	http://poetry.lib.uidaho.edu/?p=1253	anger	0.0817
mother tongue: babylon	Lucille Clifton	2017-05-20	http://poetry.lib.uidaho.edu/?p=1253	disgust	0.0431
mother tongue: babylon	Lucille Clifton	2017-05-20	http://poetry.lib.uidaho.edu/?p=1253	fear	0.1072
mother tongue: babylon	Lucille Clifton	2017-05-20	http://poetry.lib.uidaho.edu/?p=1253	joy	0.0378
mother tongue: babylon	Lucille Clifton	2017-05-20	http://poetry.lib.uidaho.edu/?p=1253	sadness	0.7767
what the mirror said	Lucille Clifton	2017-03-30	http://poetry.lib.uidaho.edu/?p=1257	anger	0.0787
what the mirror said	Lucille Clifton	2017-03-30	http://poetry.lib.uidaho.edu/?p=1257	disgust	0.2247
what the mirror said	Lucille Clifton	2017-03-30	http://poetry.lib.uidaho.edu/?p=1257	fear	0.0867
what the mirror said	Lucille Clifton	2017-03-30	http://poetry.lib.uidaho.edu/?p=1257	joy	0.2423
what the mirror said	Lucille Clifton	2017-03-30	http://poetry.lib.uidaho.edu/?p=1257	sadness	0.5322
wishes for sons	Lucille Clifton	2017-04-12	http://poetry.lib.uidaho.edu/?p=1259	anger	0.118
wishes for sons	Lucille Clifton	2017-04-12	http://poetry.lib.uidaho.edu/?p=1259	disgust	0.1067
wishes for sons	Lucille Clifton	2017-04-12	http://poetry.lib.uidaho.edu/?p=1259	fear	0.1049
wishes for sons	Lucille Clifton	2017-04-12	http://poetry.lib.uidaho.edu/?p=1259	joy	0.1923
wishes for sons	Lucille Clifton	2017-04-12	http://poetry.lib.uidaho.edu/?p=1259	sadness	0.5294
European	Wyn Cooper	2017-02-23	http://poetry.lib.uidaho.edu/index.php/wyn-cooper/european/	anger	0.1842
European	Wyn Cooper	2017-02-23	http://poetry.lib.uidaho.edu/index.php/wyn-cooper/european/	disgust	0.1164
European	Wyn Cooper	2017-02-23	http://poetry.lib.uidaho.edu/index.php/wyn-cooper/european/	fear	0.1471
European	Wyn Cooper	2017-02-23	http://poetry.lib.uidaho.edu/index.php/wyn-cooper/european/	joy	0.1785
European	Wyn Cooper	2017-02-23	http://poetry.lib.uidaho.edu/index.php/wyn-cooper/european/	sadness	0.5729
The Half King	Wyn Cooper	2017-04-17	http://poetry.lib.uidaho.edu/?p=1265	anger	0.1184
The Half King	Wyn Cooper	2017-04-17	http://poetry.lib.uidaho.edu/?p=1265	disgust	0.4565
The Half King	Wyn Cooper	2017-04-17	http://poetry.lib.uidaho.edu/?p=1265	fear	0.1097
The Half King	Wyn Cooper	2017-04-17	http://poetry.lib.uidaho.edu/?p=1265	joy	0.0212
The Half King	Wyn Cooper	2017-04-17	http://poetry.lib.uidaho.edu/?p=1265	sadness	0.3759
The Geography of Detroit	Jim Daniels	2017-02-13	http://poetry.lib.uidaho.edu/index.php/jim-daniels/the-geography-of-detroit/	anger	0.1061
The Geography of Detroit	Jim Daniels	2017-02-13	http://poetry.lib.uidaho.edu/index.php/jim-daniels/the-geography-of-detroit/	disgust	0.1121
The Geography of Detroit	Jim Daniels	2017-02-13	http://poetry.lib.uidaho.edu/index.php/jim-daniels/the-geography-of-detroit/	fear	0.5775
The Geography of Detroit	Jim Daniels	2017-02-13	http://poetry.lib.uidaho.edu/index.php/jim-daniels/the-geography-of-detroit/	joy	0.2102
The Geography of Detroit	Jim Daniels	2017-02-13	http://poetry.lib.uidaho.edu/index.php/jim-daniels/the-geography-of-detroit/	sadness	0.5108
Under the Lemon Tree	Marsha de la O	2017-03-13	http://poetry.lib.uidaho.edu/index.php/marsha-de-la-o/under-the-lemon-tree/	anger	0.1286
Under the Lemon Tree	Marsha de la O	2017-03-13	http://poetry.lib.uidaho.edu/index.php/marsha-de-la-o/under-the-lemon-tree/	disgust	0.151
Under the Lemon Tree	Marsha de la O	2017-03-13	http://poetry.lib.uidaho.edu/index.php/marsha-de-la-o/under-the-lemon-tree/	fear	0.4145
Under the Lemon Tree	Marsha de la O	2017-03-13	http://poetry.lib.uidaho.edu/index.php/marsha-de-la-o/under-the-lemon-tree/	joy	0.1826
Under the Lemon Tree	Marsha de la O	2017-03-13	http://poetry.lib.uidaho.edu/index.php/marsha-de-la-o/under-the-lemon-tree/	sadness	0.5122
Possum	Marsha de la O	2017-02-20	http://poetry.lib.uidaho.edu/index.php/marsha-de-la-o/possum/	anger	0.158
Possum	Marsha de la O	2017-02-20	http://poetry.lib.uidaho.edu/index.php/marsha-de-la-o/possum/	disgust	0.2016
Possum	Marsha de la O	2017-02-20	http://poetry.lib.uidaho.edu/index.php/marsha-de-la-o/possum/	fear	0.6028
Possum	Marsha de la O	2017-02-20	http://poetry.lib.uidaho.edu/index.php/marsha-de-la-o/possum/	joy	0.1344
Possum	Marsha de la O	2017-02-20	http://poetry.lib.uidaho.edu/index.php/marsha-de-la-o/possum/	sadness	0.5218
Weather Report	Debra Kang Dean	2017-03-02	http://poetry.lib.uidaho.edu/index.php/debra-kang-dean/weather-report/	anger	0.1306
Weather Report	Debra Kang Dean	2017-03-02	http://poetry.lib.uidaho.edu/index.php/debra-kang-dean/weather-report/	disgust	0.1548
Weather Report	Debra Kang Dean	2017-03-02	http://poetry.lib.uidaho.edu/index.php/debra-kang-dean/weather-report/	fear	0.4352
Weather Report	Debra Kang Dean	2017-03-02	http://poetry.lib.uidaho.edu/index.php/debra-kang-dean/weather-report/	joy	0.1673
Weather Report	Debra Kang Dean	2017-03-02	http://poetry.lib.uidaho.edu/index.php/debra-kang-dean/weather-report/	sadness	0.5375
Hail	Debra Kang Dean	2017-05-19	http://poetry.lib.uidaho.edu/?p=1291	anger	0.1308
Hail	Debra Kang Dean	2017-05-19	http://poetry.lib.uidaho.edu/?p=1291	disgust	0.4721
Hail	Debra Kang Dean	2017-05-19	http://poetry.lib.uidaho.edu/?p=1291	fear	0.154
Hail	Debra Kang Dean	2017-05-19	http://poetry.lib.uidaho.edu/?p=1291	joy	0.4428
Hail	Debra Kang Dean	2017-05-19	http://poetry.lib.uidaho.edu/?p=1291	sadness	0.5879
i. reflected light	Debra Kang Dean	2017-02-06	http://poetry.lib.uidaho.edu/index.php/debra-kang-dean/i-reflected-light/	anger	0.1275
i. reflected light	Debra Kang Dean	2017-02-06	http://poetry.lib.uidaho.edu/index.php/debra-kang-dean/i-reflected-light/	disgust	0.0758
i. reflected light	Debra Kang Dean	2017-02-06	http://poetry.lib.uidaho.edu/index.php/debra-kang-dean/i-reflected-light/	fear	0.6305
i. reflected light	Debra Kang Dean	2017-02-06	http://poetry.lib.uidaho.edu/index.php/debra-kang-dean/i-reflected-light/	joy	0.4375
i. reflected light	Debra Kang Dean	2017-02-06	http://poetry.lib.uidaho.edu/index.php/debra-kang-dean/i-reflected-light/	sadness	0.4551
Dear Tiara	Sean Thomas Dougherty	2017-05-04	http://poetry.lib.uidaho.edu/?p=1296	anger	0.0558
Dear Tiara	Sean Thomas Dougherty	2017-05-04	http://poetry.lib.uidaho.edu/?p=1296	disgust	0.0791
Dear Tiara	Sean Thomas Dougherty	2017-05-04	http://poetry.lib.uidaho.edu/?p=1296	fear	0.4642
Dear Tiara	Sean Thomas Dougherty	2017-05-04	http://poetry.lib.uidaho.edu/?p=1296	joy	0.3211
Dear Tiara	Sean Thomas Dougherty	2017-05-04	http://poetry.lib.uidaho.edu/?p=1296	sadness	0.4759
The Day Biggie Smalls Died	Sean Thomas Dougherty	2017-03-07	http://poetry.lib.uidaho.edu/index.php/sean-thomas-dougherty/the-day-biggie-smalls-died/	anger	0.1606
The Day Biggie Smalls Died	Sean Thomas Dougherty	2017-03-07	http://poetry.lib.uidaho.edu/index.php/sean-thomas-dougherty/the-day-biggie-smalls-died/	disgust	0.186
The Day Biggie Smalls Died	Sean Thomas Dougherty	2017-03-07	http://poetry.lib.uidaho.edu/index.php/sean-thomas-dougherty/the-day-biggie-smalls-died/	fear	0.1555
The Day Biggie Smalls Died	Sean Thomas Dougherty	2017-03-07	http://poetry.lib.uidaho.edu/index.php/sean-thomas-dougherty/the-day-biggie-smalls-died/	joy	0.1957
The Day Biggie Smalls Died	Sean Thomas Dougherty	2017-03-07	http://poetry.lib.uidaho.edu/index.php/sean-thomas-dougherty/the-day-biggie-smalls-died/	sadness	0.4911
Eating Together	Li-Young Lee	2017-04-07	http://poetry.lib.uidaho.edu/?p=1305	anger	0.0604
Eating Together	Li-Young Lee	2017-04-07	http://poetry.lib.uidaho.edu/?p=1305	disgust	0.4146
Eating Together	Li-Young Lee	2017-04-07	http://poetry.lib.uidaho.edu/?p=1305	fear	0.0308
Eating Together	Li-Young Lee	2017-04-07	http://poetry.lib.uidaho.edu/?p=1305	joy	0.0186
Eating Together	Li-Young Lee	2017-04-07	http://poetry.lib.uidaho.edu/?p=1305	sadness	0.5695
Persimmons	Li-Young Lee	2017-01-20	http://poetry.lib.uidaho.edu/index.php/li-young-lee/persimmons/	anger	0.1035
Persimmons	Li-Young Lee	2017-01-20	http://poetry.lib.uidaho.edu/index.php/li-young-lee/persimmons/	disgust	0.4292
Persimmons	Li-Young Lee	2017-01-20	http://poetry.lib.uidaho.edu/index.php/li-young-lee/persimmons/	fear	0.1595
Persimmons	Li-Young Lee	2017-01-20	http://poetry.lib.uidaho.edu/index.php/li-young-lee/persimmons/	joy	0.2712
Persimmons	Li-Young Lee	2017-01-20	http://poetry.lib.uidaho.edu/index.php/li-young-lee/persimmons/	sadness	0.5063
The Gift	Li-Young Lee	2017-02-08	http://poetry.lib.uidaho.edu/index.php/li-young-lee/the-gift/	anger	0.1233
The Gift	Li-Young Lee	2017-02-08	http://poetry.lib.uidaho.edu/index.php/li-young-lee/the-gift/	disgust	0.1187
The Gift	Li-Young Lee	2017-02-08	http://poetry.lib.uidaho.edu/index.php/li-young-lee/the-gift/	fear	0.1512
The Gift	Li-Young Lee	2017-02-08	http://poetry.lib.uidaho.edu/index.php/li-young-lee/the-gift/	joy	0.2062
The Gift	Li-Young Lee	2017-02-08	http://poetry.lib.uidaho.edu/index.php/li-young-lee/the-gift/	sadness	0.5386
Oasis	Matthew Shenoda	2017-05-01	http://poetry.lib.uidaho.edu/?p=1311	anger	0.0995
Oasis	Matthew Shenoda	2017-05-01	http://poetry.lib.uidaho.edu/?p=1311	disgust	0.3502
Oasis	Matthew Shenoda	2017-05-01	http://poetry.lib.uidaho.edu/?p=1311	fear	0.1068
Oasis	Matthew Shenoda	2017-05-01	http://poetry.lib.uidaho.edu/?p=1311	joy	0.3048
Oasis	Matthew Shenoda	2017-05-01	http://poetry.lib.uidaho.edu/?p=1311	sadness	0.1442
Voices from the Rubble	Matthew Shenoda	2017-03-10	http://poetry.lib.uidaho.edu/index.php/matthew-shenoda/voices-from-the-rubble/	anger	0.1803
Voices from the Rubble	Matthew Shenoda	2017-03-10	http://poetry.lib.uidaho.edu/index.php/matthew-shenoda/voices-from-the-rubble/	disgust	0.4022
Voices from the Rubble	Matthew Shenoda	2017-03-10	http://poetry.lib.uidaho.edu/index.php/matthew-shenoda/voices-from-the-rubble/	fear	0.2193
Voices from the Rubble	Matthew Shenoda	2017-03-10	http://poetry.lib.uidaho.edu/index.php/matthew-shenoda/voices-from-the-rubble/	joy	0.1911
Voices from the Rubble	Matthew Shenoda	2017-03-10	http://poetry.lib.uidaho.edu/index.php/matthew-shenoda/voices-from-the-rubble/	sadness	0.0917
For Lower Nubia	Matthew Shenoda	2017-05-16	http://poetry.lib.uidaho.edu/?p=1315	anger	0.0911
For Lower Nubia	Matthew Shenoda	2017-05-16	http://poetry.lib.uidaho.edu/?p=1315	disgust	0.1758
For Lower Nubia	Matthew Shenoda	2017-05-16	http://poetry.lib.uidaho.edu/?p=1315	fear	0.0421
For Lower Nubia	Matthew Shenoda	2017-05-16	http://poetry.lib.uidaho.edu/?p=1315	joy	0.3094
For Lower Nubia	Matthew Shenoda	2017-05-16	http://poetry.lib.uidaho.edu/?p=1315	sadness	0.4102
The City That Swallowed the Sea	Ryan Teitman	2017-02-03	http://poetry.lib.uidaho.edu/index.php/ryan-teitman/the-city-that-swallowed-the-sea/	anger	0.2038
The City That Swallowed the Sea	Ryan Teitman	2017-02-03	http://poetry.lib.uidaho.edu/index.php/ryan-teitman/the-city-that-swallowed-the-sea/	disgust	0.05
The City That Swallowed the Sea	Ryan Teitman	2017-02-03	http://poetry.lib.uidaho.edu/index.php/ryan-teitman/the-city-that-swallowed-the-sea/	fear	0.4241
The City That Swallowed the Sea	Ryan Teitman	2017-02-03	http://poetry.lib.uidaho.edu/index.php/ryan-teitman/the-city-that-swallowed-the-sea/	joy	0.1226
The City That Swallowed the Sea	Ryan Teitman	2017-02-03	http://poetry.lib.uidaho.edu/index.php/ryan-teitman/the-city-that-swallowed-the-sea/	sadness	0.1972
Bonsai	Meg Kearney	2017-03-16	http://poetry.lib.uidaho.edu/?p=1329	anger	0.1259
Bonsai	Meg Kearney	2017-03-16	http://poetry.lib.uidaho.edu/?p=1329	disgust	0.4969
Bonsai	Meg Kearney	2017-03-16	http://poetry.lib.uidaho.edu/?p=1329	fear	0.4406
Bonsai	Meg Kearney	2017-03-16	http://poetry.lib.uidaho.edu/?p=1329	joy	0.2563
Bonsai	Meg Kearney	2017-03-16	http://poetry.lib.uidaho.edu/?p=1329	sadness	0.4922
Longing	Meg Kearney	2017-01-18	http://poetry.lib.uidaho.edu/index.php/meg-kearney/longing/	anger	0.1012
Longing	Meg Kearney	2017-01-18	http://poetry.lib.uidaho.edu/index.php/meg-kearney/longing/	disgust	0.5433
Longing	Meg Kearney	2017-01-18	http://poetry.lib.uidaho.edu/index.php/meg-kearney/longing/	fear	0.5558
Longing	Meg Kearney	2017-01-18	http://poetry.lib.uidaho.edu/index.php/meg-kearney/longing/	joy	0.2287
Longing	Meg Kearney	2017-01-18	http://poetry.lib.uidaho.edu/index.php/meg-kearney/longing/	sadness	0.4618
Stone	Richard Foerster	2017-03-09	http://poetry.lib.uidaho.edu/index.php/richard-foerster/stone/	anger	0.3337
Stone	Richard Foerster	2017-03-09	http://poetry.lib.uidaho.edu/index.php/richard-foerster/stone/	disgust	0.072
Stone	Richard Foerster	2017-03-09	http://poetry.lib.uidaho.edu/index.php/richard-foerster/stone/	fear	0.1279
Stone	Richard Foerster	2017-03-09	http://poetry.lib.uidaho.edu/index.php/richard-foerster/stone/	joy	0.0144
Stone	Richard Foerster	2017-03-09	http://poetry.lib.uidaho.edu/index.php/richard-foerster/stone/	sadness	0.5601
Eddie's Parrot	Michael Waters	2017-04-27	http://poetry.lib.uidaho.edu/?p=1340	anger	0.1202
Eddie's Parrot	Michael Waters	2017-04-27	http://poetry.lib.uidaho.edu/?p=1340	disgust	0.4819
Eddie's Parrot	Michael Waters	2017-04-27	http://poetry.lib.uidaho.edu/?p=1340	fear	0.1823
Eddie's Parrot	Michael Waters	2017-04-27	http://poetry.lib.uidaho.edu/?p=1340	joy	0.1996
Eddie's Parrot	Michael Waters	2017-04-27	http://poetry.lib.uidaho.edu/?p=1340	sadness	0.4846
Green Ash, Red Maple, Black Gum	Michael Waters	2017-05-05	http://poetry.lib.uidaho.edu/?p=1343	anger	0.1499
Green Ash, Red Maple, Black Gum	Michael Waters	2017-05-05	http://poetry.lib.uidaho.edu/?p=1343	disgust	0.1279
Green Ash, Red Maple, Black Gum	Michael Waters	2017-05-05	http://poetry.lib.uidaho.edu/?p=1343	fear	0.2016
Green Ash, Red Maple, Black Gum	Michael Waters	2017-05-05	http://poetry.lib.uidaho.edu/?p=1343	joy	0.045
Green Ash, Red Maple, Black Gum	Michael Waters	2017-05-05	http://poetry.lib.uidaho.edu/?p=1343	sadness	0.5348
Upraised Arms	Richard Garcia	2017-03-23	http://poetry.lib.uidaho.edu/?p=1353	anger	0.0938
Upraised Arms	Richard Garcia	2017-03-23	http://poetry.lib.uidaho.edu/?p=1353	disgust	0.1653
Upraised Arms	Richard Garcia	2017-03-23	http://poetry.lib.uidaho.edu/?p=1353	fear	0.4989
Upraised Arms	Richard Garcia	2017-03-23	http://poetry.lib.uidaho.edu/?p=1353	joy	0.2689
Upraised Arms	Richard Garcia	2017-03-23	http://poetry.lib.uidaho.edu/?p=1353	sadness	0.266
Invitation	W.D. Snodgrass	2017-05-10	http://poetry.lib.uidaho.edu/?p=1357	anger	0.1538
Invitation	W.D. Snodgrass	2017-05-10	http://poetry.lib.uidaho.edu/?p=1357	disgust	0.1058
Invitation	W.D. Snodgrass	2017-05-10	http://poetry.lib.uidaho.edu/?p=1357	fear	0.1536
Invitation	W.D. Snodgrass	2017-05-10	http://poetry.lib.uidaho.edu/?p=1357	joy	0.4392
Invitation	W.D. Snodgrass	2017-05-10	http://poetry.lib.uidaho.edu/?p=1357	sadness	0.6989
I Abandoned My Plans. I Had No Plans.	Michael Teig	2017-02-27	http://poetry.lib.uidaho.edu/index.php/michael-teig/i-abandoned-my-plans-i-had-no-plans/	anger	0.1615
I Abandoned My Plans. I Had No Plans.	Michael Teig	2017-02-27	http://poetry.lib.uidaho.edu/index.php/michael-teig/i-abandoned-my-plans-i-had-no-plans/	disgust	0.5571
I Abandoned My Plans. I Had No Plans.	Michael Teig	2017-02-27	http://poetry.lib.uidaho.edu/index.php/michael-teig/i-abandoned-my-plans-i-had-no-plans/	fear	0.4012
I Abandoned My Plans. I Had No Plans.	Michael Teig	2017-02-27	http://poetry.lib.uidaho.edu/index.php/michael-teig/i-abandoned-my-plans-i-had-no-plans/	joy	0.2299
I Abandoned My Plans. I Had No Plans.	Michael Teig	2017-02-27	http://poetry.lib.uidaho.edu/index.php/michael-teig/i-abandoned-my-plans-i-had-no-plans/	sadness	0.4866
Have I Forgotten Anything	Michael Teig	2017-05-09	http://poetry.lib.uidaho.edu/?p=1373	anger	0.0971
Have I Forgotten Anything	Michael Teig	2017-05-09	http://poetry.lib.uidaho.edu/?p=1373	disgust	0.1006
Have I Forgotten Anything	Michael Teig	2017-05-09	http://poetry.lib.uidaho.edu/?p=1373	fear	0.0945
Have I Forgotten Anything	Michael Teig	2017-05-09	http://poetry.lib.uidaho.edu/?p=1373	joy	0.633
Have I Forgotten Anything	Michael Teig	2017-05-09	http://poetry.lib.uidaho.edu/?p=1373	sadness	0.4714
Parable of House and Broom	Katy Lederer	2017-05-03	http://poetry.lib.uidaho.edu/?p=1379	anger	0.1211
Parable of House and Broom	Katy Lederer	2017-05-03	http://poetry.lib.uidaho.edu/?p=1379	disgust	0.0866
Parable of House and Broom	Katy Lederer	2017-05-03	http://poetry.lib.uidaho.edu/?p=1379	fear	0.4536
Parable of House and Broom	Katy Lederer	2017-05-03	http://poetry.lib.uidaho.edu/?p=1379	joy	0.498
Parable of House and Broom	Katy Lederer	2017-05-03	http://poetry.lib.uidaho.edu/?p=1379	sadness	0.466
Morning Song	Katy Lederer	2017-02-24	http://poetry.lib.uidaho.edu/index.php/katy-lederer/morning-song/	anger	0.1127
Morning Song	Katy Lederer	2017-02-24	http://poetry.lib.uidaho.edu/index.php/katy-lederer/morning-song/	disgust	0.2145
Morning Song	Katy Lederer	2017-02-24	http://poetry.lib.uidaho.edu/index.php/katy-lederer/morning-song/	fear	0.1956
Morning Song	Katy Lederer	2017-02-24	http://poetry.lib.uidaho.edu/index.php/katy-lederer/morning-song/	joy	0.2953
Morning Song	Katy Lederer	2017-02-24	http://poetry.lib.uidaho.edu/index.php/katy-lederer/morning-song/	sadness	0.2683
Consolations	Louis Simpson	2017-02-01	http://poetry.lib.uidaho.edu/index.php/louis-simpson/consolations/	anger	0.085
Consolations	Louis Simpson	2017-02-01	http://poetry.lib.uidaho.edu/index.php/louis-simpson/consolations/	disgust	0.4454
Consolations	Louis Simpson	2017-02-01	http://poetry.lib.uidaho.edu/index.php/louis-simpson/consolations/	fear	0.1472
Consolations	Louis Simpson	2017-02-01	http://poetry.lib.uidaho.edu/index.php/louis-simpson/consolations/	joy	0.493
Consolations	Louis Simpson	2017-02-01	http://poetry.lib.uidaho.edu/index.php/louis-simpson/consolations/	sadness	0.4297
A Spot on the Kitchen Floor	Louis Simpson	2017-04-13	http://poetry.lib.uidaho.edu/?p=1388	anger	0.1245
A Spot on the Kitchen Floor	Louis Simpson	2017-04-13	http://poetry.lib.uidaho.edu/?p=1388	disgust	0.1368
A Spot on the Kitchen Floor	Louis Simpson	2017-04-13	http://poetry.lib.uidaho.edu/?p=1388	fear	0.191
A Spot on the Kitchen Floor	Louis Simpson	2017-04-13	http://poetry.lib.uidaho.edu/?p=1388	joy	0.4495
A Spot on the Kitchen Floor	Louis Simpson	2017-04-13	http://poetry.lib.uidaho.edu/?p=1388	sadness	0.2674
Wheels	Louis Simpson	2017-01-04	http://poetry.lib.uidaho.edu/index.php/louis-simpson/wheels/	anger	0.3951
Wheels	Louis Simpson	2017-01-04	http://poetry.lib.uidaho.edu/index.php/louis-simpson/wheels/	disgust	0.1339
Wheels	Louis Simpson	2017-01-04	http://poetry.lib.uidaho.edu/index.php/louis-simpson/wheels/	fear	0.2543
Wheels	Louis Simpson	2017-01-04	http://poetry.lib.uidaho.edu/index.php/louis-simpson/wheels/	joy	0.2718
Wheels	Louis Simpson	2017-01-04	http://poetry.lib.uidaho.edu/index.php/louis-simpson/wheels/	sadness	0.4301
The throat-flute uttering	Karen Volkman	2017-03-14	http://poetry.lib.uidaho.edu/?p=1392	anger	0.0882
The throat-flute uttering	Karen Volkman	2017-03-14	http://poetry.lib.uidaho.edu/?p=1392	disgust	0.2122
The throat-flute uttering	Karen Volkman	2017-03-14	http://poetry.lib.uidaho.edu/?p=1392	fear	0.1126
The throat-flute uttering	Karen Volkman	2017-03-14	http://poetry.lib.uidaho.edu/?p=1392	joy	0.4797
The throat-flute uttering	Karen Volkman	2017-03-14	http://poetry.lib.uidaho.edu/?p=1392	sadness	0.1802
café loop	Jillian Weise	2017-03-15	http://poetry.lib.uidaho.edu/?p=1398	anger	0.1128
café loop	Jillian Weise	2017-03-15	http://poetry.lib.uidaho.edu/?p=1398	disgust	0.1481
café loop	Jillian Weise	2017-03-15	http://poetry.lib.uidaho.edu/?p=1398	fear	0.1354
café loop	Jillian Weise	2017-03-15	http://poetry.lib.uidaho.edu/?p=1398	joy	0.2605
café loop	Jillian Weise	2017-03-15	http://poetry.lib.uidaho.edu/?p=1398	sadness	0.5322
The War Was Good, Thank You	Hugh Martin	2017-01-31	http://poetry.lib.uidaho.edu/index.php/hugh-martin/the-war-was-good-thank-you/	anger	0.1326
The War Was Good, Thank You	Hugh Martin	2017-01-31	http://poetry.lib.uidaho.edu/index.php/hugh-martin/the-war-was-good-thank-you/	disgust	0.137
The War Was Good, Thank You	Hugh Martin	2017-01-31	http://poetry.lib.uidaho.edu/index.php/hugh-martin/the-war-was-good-thank-you/	fear	0.4508
The War Was Good, Thank You	Hugh Martin	2017-01-31	http://poetry.lib.uidaho.edu/index.php/hugh-martin/the-war-was-good-thank-you/	joy	0.2953
The War Was Good, Thank You	Hugh Martin	2017-01-31	http://poetry.lib.uidaho.edu/index.php/hugh-martin/the-war-was-good-thank-you/	sadness	0.5353
Late Poem	Craig Morgan Teicher	2017-04-06	http://poetry.lib.uidaho.edu/?p=1419	anger	0.1001
Late Poem	Craig Morgan Teicher	2017-04-06	http://poetry.lib.uidaho.edu/?p=1419	disgust	0.0553
Late Poem	Craig Morgan Teicher	2017-04-06	http://poetry.lib.uidaho.edu/?p=1419	fear	0.4584
Late Poem	Craig Morgan Teicher	2017-04-06	http://poetry.lib.uidaho.edu/?p=1419	joy	0.2035
Late Poem	Craig Morgan Teicher	2017-04-06	http://poetry.lib.uidaho.edu/?p=1419	sadness	0.514
Fireflies	Cecilia Woloch	2017-02-28	http://poetry.lib.uidaho.edu/index.php/cecilia-woloch/fireflies/	anger	0.3283
Fireflies	Cecilia Woloch	2017-02-28	http://poetry.lib.uidaho.edu/index.php/cecilia-woloch/fireflies/	disgust	0.3679
Fireflies	Cecilia Woloch	2017-02-28	http://poetry.lib.uidaho.edu/index.php/cecilia-woloch/fireflies/	fear	0.252
Fireflies	Cecilia Woloch	2017-02-28	http://poetry.lib.uidaho.edu/index.php/cecilia-woloch/fireflies/	joy	0.0013
Fireflies	Cecilia Woloch	2017-02-28	http://poetry.lib.uidaho.edu/index.php/cecilia-woloch/fireflies/	sadness	0.1988
luam cleaning house - umbertide	Aracelis Girmay	2017-03-06	http://poetry.lib.uidaho.edu/index.php/aracelis-girmay/luam-cleaning-house-umbertide/	anger	0.1083
luam cleaning house - umbertide	Aracelis Girmay	2017-03-06	http://poetry.lib.uidaho.edu/index.php/aracelis-girmay/luam-cleaning-house-umbertide/	disgust	0.1041
luam cleaning house - umbertide	Aracelis Girmay	2017-03-06	http://poetry.lib.uidaho.edu/index.php/aracelis-girmay/luam-cleaning-house-umbertide/	fear	0.5935
luam cleaning house - umbertide	Aracelis Girmay	2017-03-06	http://poetry.lib.uidaho.edu/index.php/aracelis-girmay/luam-cleaning-house-umbertide/	joy	0.5237
luam cleaning house - umbertide	Aracelis Girmay	2017-03-06	http://poetry.lib.uidaho.edu/index.php/aracelis-girmay/luam-cleaning-house-umbertide/	sadness	0.5565
Second Estrangement	Aracelis Girmay	2017-04-28	http://poetry.lib.uidaho.edu/?p=1434	anger	0.1019
Second Estrangement	Aracelis Girmay	2017-04-28	http://poetry.lib.uidaho.edu/?p=1434	disgust	0.0977
Second Estrangement	Aracelis Girmay	2017-04-28	http://poetry.lib.uidaho.edu/?p=1434	fear	0.315
Second Estrangement	Aracelis Girmay	2017-04-28	http://poetry.lib.uidaho.edu/?p=1434	joy	0.0316
Second Estrangement	Aracelis Girmay	2017-04-28	http://poetry.lib.uidaho.edu/?p=1434	sadness	0.5505
"Ode to the Little ''r"""	Aracelis Girmay	2017-01-12	http://poetry.lib.uidaho.edu/index.php/aracelis-girmay/ode-to-the-little-r/	anger	0.1524
"Ode to the Little ''r"""	Aracelis Girmay	2017-01-12	http://poetry.lib.uidaho.edu/index.php/aracelis-girmay/ode-to-the-little-r/	disgust	0.1024
"Ode to the Little ''r"""	Aracelis Girmay	2017-01-12	http://poetry.lib.uidaho.edu/index.php/aracelis-girmay/ode-to-the-little-r/	fear	0.0979
"Ode to the Little ''r"""	Aracelis Girmay	2017-01-12	http://poetry.lib.uidaho.edu/index.php/aracelis-girmay/ode-to-the-little-r/	joy	0.2118
"Ode to the Little ''r"""	Aracelis Girmay	2017-01-12	http://poetry.lib.uidaho.edu/index.php/aracelis-girmay/ode-to-the-little-r/	sadness	0.5713
Elegy	Aracelis Girmay	2017-01-01	http://poetry.lib.uidaho.edu/index.php/aracelis-girmay/elegy-3/	anger	0.0925
Elegy	Aracelis Girmay	2017-01-01	http://poetry.lib.uidaho.edu/index.php/aracelis-girmay/elegy-3/	disgust	0.1478
Elegy	Aracelis Girmay	2017-01-01	http://poetry.lib.uidaho.edu/index.php/aracelis-girmay/elegy-3/	fear	0.1821
Elegy	Aracelis Girmay	2017-01-01	http://poetry.lib.uidaho.edu/index.php/aracelis-girmay/elegy-3/	joy	0.4505
Elegy	Aracelis Girmay	2017-01-01	http://poetry.lib.uidaho.edu/index.php/aracelis-girmay/elegy-3/	sadness	0.5124
Dear Minnie, Dear Ms.	Aracelis Girmay	2017-02-10	http://poetry.lib.uidaho.edu/index.php/aracelis-girmay/dear-minnie-dear-ms/	anger	0.0767
Dear Minnie, Dear Ms.	Aracelis Girmay	2017-02-10	http://poetry.lib.uidaho.edu/index.php/aracelis-girmay/dear-minnie-dear-ms/	disgust	0.1463
Dear Minnie, Dear Ms.	Aracelis Girmay	2017-02-10	http://poetry.lib.uidaho.edu/index.php/aracelis-girmay/dear-minnie-dear-ms/	fear	0.4705
Dear Minnie, Dear Ms.	Aracelis Girmay	2017-02-10	http://poetry.lib.uidaho.edu/index.php/aracelis-girmay/dear-minnie-dear-ms/	joy	0.2695
Dear Minnie, Dear Ms.	Aracelis Girmay	2017-02-10	http://poetry.lib.uidaho.edu/index.php/aracelis-girmay/dear-minnie-dear-ms/	sadness	0.2587
The Widow's Yard	Isabella Gardner	2017-01-03	http://poetry.lib.uidaho.edu/index.php/isabella-gardner/the-widows-yard/	anger	0.4895
The Widow's Yard	Isabella Gardner	2017-01-03	http://poetry.lib.uidaho.edu/index.php/isabella-gardner/the-widows-yard/	disgust	0.1024
The Widow's Yard	Isabella Gardner	2017-01-03	http://poetry.lib.uidaho.edu/index.php/isabella-gardner/the-widows-yard/	fear	0.1178
The Widow's Yard	Isabella Gardner	2017-01-03	http://poetry.lib.uidaho.edu/index.php/isabella-gardner/the-widows-yard/	joy	0.4877
The Widow's Yard	Isabella Gardner	2017-01-03	http://poetry.lib.uidaho.edu/index.php/isabella-gardner/the-widows-yard/	sadness	0.4898
Knowing	Isabella Gardner	2017-03-29	http://poetry.lib.uidaho.edu/?p=1447	anger	0.0301
Knowing	Isabella Gardner	2017-03-29	http://poetry.lib.uidaho.edu/?p=1447	disgust	0.0106
Knowing	Isabella Gardner	2017-03-29	http://poetry.lib.uidaho.edu/?p=1447	fear	0.1209
Knowing	Isabella Gardner	2017-03-29	http://poetry.lib.uidaho.edu/?p=1447	joy	0.0078
Knowing	Isabella Gardner	2017-03-29	http://poetry.lib.uidaho.edu/?p=1447	sadness	0.9041
Heavens	Ira Sadoff	2017-03-28	http://poetry.lib.uidaho.edu/?p=1453	anger	0.3386
Heavens	Ira Sadoff	2017-03-28	http://poetry.lib.uidaho.edu/?p=1453	disgust	0.186
Heavens	Ira Sadoff	2017-03-28	http://poetry.lib.uidaho.edu/?p=1453	fear	0.2943
Heavens	Ira Sadoff	2017-03-28	http://poetry.lib.uidaho.edu/?p=1453	joy	0.0056
Heavens	Ira Sadoff	2017-03-28	http://poetry.lib.uidaho.edu/?p=1453	sadness	0.3748
Wildwood	G.C. Waldrep	2017-02-14	http://poetry.lib.uidaho.edu/index.php/g-c-waldrep/wildwood/	anger	0.1401
Wildwood	G.C. Waldrep	2017-02-14	http://poetry.lib.uidaho.edu/index.php/g-c-waldrep/wildwood/	disgust	0.0775
Wildwood	G.C. Waldrep	2017-02-14	http://poetry.lib.uidaho.edu/index.php/g-c-waldrep/wildwood/	fear	0.2253
Wildwood	G.C. Waldrep	2017-02-14	http://poetry.lib.uidaho.edu/index.php/g-c-waldrep/wildwood/	joy	0.5084
Wildwood	G.C. Waldrep	2017-02-14	http://poetry.lib.uidaho.edu/index.php/g-c-waldrep/wildwood/	sadness	0.4433
Blood Ruminant	G.C. Waldrep	2017-04-25	http://poetry.lib.uidaho.edu/?p=1463	anger	0.1249
Blood Ruminant	G.C. Waldrep	2017-04-25	http://poetry.lib.uidaho.edu/?p=1463	disgust	0.1262
Blood Ruminant	G.C. Waldrep	2017-04-25	http://poetry.lib.uidaho.edu/?p=1463	fear	0.5088
Blood Ruminant	G.C. Waldrep	2017-04-25	http://poetry.lib.uidaho.edu/?p=1463	joy	0.2159
Blood Ruminant	G.C. Waldrep	2017-04-25	http://poetry.lib.uidaho.edu/?p=1463	sadness	0.5523
Last Words	Dorianne Laux	2017-04-26	http://poetry.lib.uidaho.edu/?p=1470	anger	0.1434
Last Words	Dorianne Laux	2017-04-26	http://poetry.lib.uidaho.edu/?p=1470	disgust	0.4752
Last Words	Dorianne Laux	2017-04-26	http://poetry.lib.uidaho.edu/?p=1470	fear	0.2056
Last Words	Dorianne Laux	2017-04-26	http://poetry.lib.uidaho.edu/?p=1470	joy	0.1612
Last Words	Dorianne Laux	2017-04-26	http://poetry.lib.uidaho.edu/?p=1470	sadness	0.5021
The Shipfitter's Wife	Dorianne Laux	2017-01-06	http://poetry.lib.uidaho.edu/index.php/dorianne-laux/the-shipfitters-wife/	anger	0.046
The Shipfitter's Wife	Dorianne Laux	2017-01-06	http://poetry.lib.uidaho.edu/index.php/dorianne-laux/the-shipfitters-wife/	disgust	0.2021
The Shipfitter's Wife	Dorianne Laux	2017-01-06	http://poetry.lib.uidaho.edu/index.php/dorianne-laux/the-shipfitters-wife/	fear	0.1849
The Shipfitter's Wife	Dorianne Laux	2017-01-06	http://poetry.lib.uidaho.edu/index.php/dorianne-laux/the-shipfitters-wife/	joy	0.5087
The Shipfitter's Wife	Dorianne Laux	2017-01-06	http://poetry.lib.uidaho.edu/index.php/dorianne-laux/the-shipfitters-wife/	sadness	0.1061
Big Box Encounter	Erika Meitner	2017-04-24	http://poetry.lib.uidaho.edu/?p=1489	anger	0.1577
Big Box Encounter	Erika Meitner	2017-04-24	http://poetry.lib.uidaho.edu/?p=1489	disgust	0.4105
Big Box Encounter	Erika Meitner	2017-04-24	http://poetry.lib.uidaho.edu/?p=1489	fear	0.4579
Big Box Encounter	Erika Meitner	2017-04-24	http://poetry.lib.uidaho.edu/?p=1489	joy	0.2373
Big Box Encounter	Erika Meitner	2017-04-24	http://poetry.lib.uidaho.edu/?p=1489	sadness	0.5045
Litany for Our Radical Engagement with the Material World	Erika Meitner	2017-01-13	http://poetry.lib.uidaho.edu/index.php/erika-meitner/litany-for-our-radical-engagement-with-the-material-world/	anger	0.0846
Litany for Our Radical Engagement with the Material World	Erika Meitner	2017-01-13	http://poetry.lib.uidaho.edu/index.php/erika-meitner/litany-for-our-radical-engagement-with-the-material-world/	disgust	0.0799
Litany for Our Radical Engagement with the Material World	Erika Meitner	2017-01-13	http://poetry.lib.uidaho.edu/index.php/erika-meitner/litany-for-our-radical-engagement-with-the-material-world/	fear	0.1665
Litany for Our Radical Engagement with the Material World	Erika Meitner	2017-01-13	http://poetry.lib.uidaho.edu/index.php/erika-meitner/litany-for-our-radical-engagement-with-the-material-world/	joy	0.5609
Litany for Our Radical Engagement with the Material World	Erika Meitner	2017-01-13	http://poetry.lib.uidaho.edu/index.php/erika-meitner/litany-for-our-radical-engagement-with-the-material-world/	sadness	0.4088
War Metaphysics for a Sudanese Girl	Adrie Kusserow	2017-04-21	http://poetry.lib.uidaho.edu/?p=1514	anger	0.1286
War Metaphysics for a Sudanese Girl	Adrie Kusserow	2017-04-21	http://poetry.lib.uidaho.edu/?p=1514	disgust	0.5365
War Metaphysics for a Sudanese Girl	Adrie Kusserow	2017-04-21	http://poetry.lib.uidaho.edu/?p=1514	fear	0.499
War Metaphysics for a Sudanese Girl	Adrie Kusserow	2017-04-21	http://poetry.lib.uidaho.edu/?p=1514	joy	0.022
War Metaphysics for a Sudanese Girl	Adrie Kusserow	2017-04-21	http://poetry.lib.uidaho.edu/?p=1514	sadness	0.5232
Those Finnish Folk	Barton Sutter	2017-01-09	http://poetry.lib.uidaho.edu/index.php/barton-sutter/those-finnish-folk/	anger	0.0952
Those Finnish Folk	Barton Sutter	2017-01-09	http://poetry.lib.uidaho.edu/index.php/barton-sutter/those-finnish-folk/	disgust	0.1302
Those Finnish Folk	Barton Sutter	2017-01-09	http://poetry.lib.uidaho.edu/index.php/barton-sutter/those-finnish-folk/	fear	0.4749
Those Finnish Folk	Barton Sutter	2017-01-09	http://poetry.lib.uidaho.edu/index.php/barton-sutter/those-finnish-folk/	joy	0.2742
Those Finnish Folk	Barton Sutter	2017-01-09	http://poetry.lib.uidaho.edu/index.php/barton-sutter/those-finnish-folk/	sadness	0.5452
What Does This Mean?	Barton Sutter	2017-03-22	http://poetry.lib.uidaho.edu/?p=1537	anger	0.1201
What Does This Mean?	Barton Sutter	2017-03-22	http://poetry.lib.uidaho.edu/?p=1537	disgust	0.1003
What Does This Mean?	Barton Sutter	2017-03-22	http://poetry.lib.uidaho.edu/?p=1537	fear	0.4837
What Does This Mean?	Barton Sutter	2017-03-22	http://poetry.lib.uidaho.edu/?p=1537	joy	0.4972
What Does This Mean?	Barton Sutter	2017-03-22	http://poetry.lib.uidaho.edu/?p=1537	sadness	0.5391
Sheep Child	Brigit Pegeen Kelly	2017-03-08	http://poetry.lib.uidaho.edu/index.php/brigit-pegeen-kelly/sheep-child/	anger	0.1179
Sheep Child	Brigit Pegeen Kelly	2017-03-08	http://poetry.lib.uidaho.edu/index.php/brigit-pegeen-kelly/sheep-child/	disgust	0.4611
Sheep Child	Brigit Pegeen Kelly	2017-03-08	http://poetry.lib.uidaho.edu/index.php/brigit-pegeen-kelly/sheep-child/	fear	0.1528
Sheep Child	Brigit Pegeen Kelly	2017-03-08	http://poetry.lib.uidaho.edu/index.php/brigit-pegeen-kelly/sheep-child/	joy	0.4506
Sheep Child	Brigit Pegeen Kelly	2017-03-08	http://poetry.lib.uidaho.edu/index.php/brigit-pegeen-kelly/sheep-child/	sadness	0.5216
Max Jacob's Leather Coat and the Possibility of Grief	Ray Gonzalez	2017-05-14	http://poetry.lib.uidaho.edu/?p=1546	anger	0.2703
Max Jacob's Leather Coat and the Possibility of Grief	Ray Gonzalez	2017-05-14	http://poetry.lib.uidaho.edu/?p=1546	disgust	0.4592
Max Jacob's Leather Coat and the Possibility of Grief	Ray Gonzalez	2017-05-14	http://poetry.lib.uidaho.edu/?p=1546	fear	0.035
Max Jacob's Leather Coat and the Possibility of Grief	Ray Gonzalez	2017-05-14	http://poetry.lib.uidaho.edu/?p=1546	joy	0.0057
Max Jacob's Leather Coat and the Possibility of Grief	Ray Gonzalez	2017-05-14	http://poetry.lib.uidaho.edu/?p=1546	sadness	0.3324
Axis	Ray Gonzalez	2017-01-24	http://poetry.lib.uidaho.edu/index.php/ray-gonzalez/axis/	anger	0.201
Axis	Ray Gonzalez	2017-01-24	http://poetry.lib.uidaho.edu/index.php/ray-gonzalez/axis/	disgust	0.4889
Axis	Ray Gonzalez	2017-01-24	http://poetry.lib.uidaho.edu/index.php/ray-gonzalez/axis/	fear	0.2608
Axis	Ray Gonzalez	2017-01-24	http://poetry.lib.uidaho.edu/index.php/ray-gonzalez/axis/	joy	0.0234
Axis	Ray Gonzalez	2017-01-24	http://poetry.lib.uidaho.edu/index.php/ray-gonzalez/axis/	sadness	0.1604
I	John Gallaher	2017-02-15	http://poetry.lib.uidaho.edu/index.php/john-gallaher/i/	anger	0.511
I	John Gallaher	2017-02-15	http://poetry.lib.uidaho.edu/index.php/john-gallaher/i/	disgust	0.1093
I	John Gallaher	2017-02-15	http://poetry.lib.uidaho.edu/index.php/john-gallaher/i/	fear	0.1327
I	John Gallaher	2017-02-15	http://poetry.lib.uidaho.edu/index.php/john-gallaher/i/	joy	0.4942
I	John Gallaher	2017-02-15	http://poetry.lib.uidaho.edu/index.php/john-gallaher/i/	sadness	0.5305
XVI	John Gallaher	2017-04-14	http://poetry.lib.uidaho.edu/?p=1564	anger	0.1611
XVI	John Gallaher	2017-04-14	http://poetry.lib.uidaho.edu/?p=1564	disgust	0.129
XVI	John Gallaher	2017-04-14	http://poetry.lib.uidaho.edu/?p=1564	fear	0.1712
XVI	John Gallaher	2017-04-14	http://poetry.lib.uidaho.edu/?p=1564	joy	0.1955
XVI	John Gallaher	2017-04-14	http://poetry.lib.uidaho.edu/?p=1564	sadness	0.5336
Her version, with interuptions	Jennifer Kronovet	2017-03-20	http://poetry.lib.uidaho.edu/?p=1569	anger	0.122
Her version, with interuptions	Jennifer Kronovet	2017-03-20	http://poetry.lib.uidaho.edu/?p=1569	disgust	0.1059
Her version, with interuptions	Jennifer Kronovet	2017-03-20	http://poetry.lib.uidaho.edu/?p=1569	fear	0.453
Her version, with interuptions	Jennifer Kronovet	2017-03-20	http://poetry.lib.uidaho.edu/?p=1569	joy	0.2422
Her version, with interuptions	Jennifer Kronovet	2017-03-20	http://poetry.lib.uidaho.edu/?p=1569	sadness	0.5375
The easier it is to live here	Jennifer Kronovet	2017-04-20	http://poetry.lib.uidaho.edu/?p=1573	anger	0.1163
The easier it is to live here	Jennifer Kronovet	2017-04-20	http://poetry.lib.uidaho.edu/?p=1573	disgust	0.2014
The easier it is to live here	Jennifer Kronovet	2017-04-20	http://poetry.lib.uidaho.edu/?p=1573	fear	0.1519
The easier it is to live here	Jennifer Kronovet	2017-04-20	http://poetry.lib.uidaho.edu/?p=1573	joy	0.0254
The easier it is to live here	Jennifer Kronovet	2017-04-20	http://poetry.lib.uidaho.edu/?p=1573	sadness	0.6073
Killed in Childbirth	Janice N. Harrington	2017-04-05	http://poetry.lib.uidaho.edu/?p=1577	anger	0.0882
Killed in Childbirth	Janice N. Harrington	2017-04-05	http://poetry.lib.uidaho.edu/?p=1577	disgust	0.4153
Killed in Childbirth	Janice N. Harrington	2017-04-05	http://poetry.lib.uidaho.edu/?p=1577	fear	0.4209
Killed in Childbirth	Janice N. Harrington	2017-04-05	http://poetry.lib.uidaho.edu/?p=1577	joy	0.2962
Killed in Childbirth	Janice N. Harrington	2017-04-05	http://poetry.lib.uidaho.edu/?p=1577	sadness	0.4669
The Fact Remains	Christopher Kennedy	2017-02-02	http://poetry.lib.uidaho.edu/index.php/christopher-kennedy/the-fact-remains/	anger	0.129
The Fact Remains	Christopher Kennedy	2017-02-02	http://poetry.lib.uidaho.edu/index.php/christopher-kennedy/the-fact-remains/	disgust	0.4279
The Fact Remains	Christopher Kennedy	2017-02-02	http://poetry.lib.uidaho.edu/index.php/christopher-kennedy/the-fact-remains/	fear	0.4732
The Fact Remains	Christopher Kennedy	2017-02-02	http://poetry.lib.uidaho.edu/index.php/christopher-kennedy/the-fact-remains/	joy	0.174
The Fact Remains	Christopher Kennedy	2017-02-02	http://poetry.lib.uidaho.edu/index.php/christopher-kennedy/the-fact-remains/	sadness	0.5324
The Unimaginable World	Christopher Kennedy	2017-03-21	http://poetry.lib.uidaho.edu/?p=1585	anger	0.1623
The Unimaginable World	Christopher Kennedy	2017-03-21	http://poetry.lib.uidaho.edu/?p=1585	disgust	0.0769
The Unimaginable World	Christopher Kennedy	2017-03-21	http://poetry.lib.uidaho.edu/?p=1585	fear	0.4612
The Unimaginable World	Christopher Kennedy	2017-03-21	http://poetry.lib.uidaho.edu/?p=1585	joy	0.1959
The Unimaginable World	Christopher Kennedy	2017-03-21	http://poetry.lib.uidaho.edu/?p=1585	sadness	0.5032
Race Relations	Carolyn Kizer	2017-03-31	http://poetry.lib.uidaho.edu/?p=1587	anger	0.1212
Race Relations	Carolyn Kizer	2017-03-31	http://poetry.lib.uidaho.edu/?p=1587	disgust	0.003
Race Relations	Carolyn Kizer	2017-03-31	http://poetry.lib.uidaho.edu/?p=1587	fear	0.0935
Race Relations	Carolyn Kizer	2017-03-31	http://poetry.lib.uidaho.edu/?p=1587	joy	0.285
Race Relations	Carolyn Kizer	2017-03-31	http://poetry.lib.uidaho.edu/?p=1587	sadness	0.5001
Dream of a Large Lady	Carolyn Kizer	2017-01-16	http://poetry.lib.uidaho.edu/index.php/carolyn-kizer/dream-of-a-large-lady/	anger	0.066
Dream of a Large Lady	Carolyn Kizer	2017-01-16	http://poetry.lib.uidaho.edu/index.php/carolyn-kizer/dream-of-a-large-lady/	disgust	0.0805
Dream of a Large Lady	Carolyn Kizer	2017-01-16	http://poetry.lib.uidaho.edu/index.php/carolyn-kizer/dream-of-a-large-lady/	fear	0.1363
Dream of a Large Lady	Carolyn Kizer	2017-01-16	http://poetry.lib.uidaho.edu/index.php/carolyn-kizer/dream-of-a-large-lady/	joy	0.5911
Dream of a Large Lady	Carolyn Kizer	2017-01-16	http://poetry.lib.uidaho.edu/index.php/carolyn-kizer/dream-of-a-large-lady/	sadness	0.4743
In the First Stanza,	Carolyn Kizer	2017-01-02	http://poetry.lib.uidaho.edu/index.php/carolyn-kizer/in-the-first-stanza/	anger	0.1315
In the First Stanza,	Carolyn Kizer	2017-01-02	http://poetry.lib.uidaho.edu/index.php/carolyn-kizer/in-the-first-stanza/	disgust	0.0983
In the First Stanza,	Carolyn Kizer	2017-01-02	http://poetry.lib.uidaho.edu/index.php/carolyn-kizer/in-the-first-stanza/	fear	0.485
In the First Stanza,	Carolyn Kizer	2017-01-02	http://poetry.lib.uidaho.edu/index.php/carolyn-kizer/in-the-first-stanza/	joy	0.2138
In the First Stanza,	Carolyn Kizer	2017-01-02	http://poetry.lib.uidaho.edu/index.php/carolyn-kizer/in-the-first-stanza/	sadness	0.5646
Vandals, Horses	Alan Michael Parker	2017-03-24	http://poetry.lib.uidaho.edu/?p=1596	anger	0.0374
Vandals, Horses	Alan Michael Parker	2017-03-24	http://poetry.lib.uidaho.edu/?p=1596	disgust	0.06
Vandals, Horses	Alan Michael Parker	2017-03-24	http://poetry.lib.uidaho.edu/?p=1596	fear	0.5505
Vandals, Horses	Alan Michael Parker	2017-03-24	http://poetry.lib.uidaho.edu/?p=1596	joy	0.1549
Vandals, Horses	Alan Michael Parker	2017-03-24	http://poetry.lib.uidaho.edu/?p=1596	sadness	0.5478
Oh What a Red Sweater	Alan Michael Parker	2017-01-26	http://poetry.lib.uidaho.edu/index.php/alan-michael-parker/oh-what-a-red-sweater/	anger	0.1447
Oh What a Red Sweater	Alan Michael Parker	2017-01-26	http://poetry.lib.uidaho.edu/index.php/alan-michael-parker/oh-what-a-red-sweater/	disgust	0.1374
Oh What a Red Sweater	Alan Michael Parker	2017-01-26	http://poetry.lib.uidaho.edu/index.php/alan-michael-parker/oh-what-a-red-sweater/	fear	0.1249
Oh What a Red Sweater	Alan Michael Parker	2017-01-26	http://poetry.lib.uidaho.edu/index.php/alan-michael-parker/oh-what-a-red-sweater/	joy	0.4484
Oh What a Red Sweater	Alan Michael Parker	2017-01-26	http://poetry.lib.uidaho.edu/index.php/alan-michael-parker/oh-what-a-red-sweater/	sadness	0.4772
The Cat	Alan Michael Parker	2017-04-19	http://poetry.lib.uidaho.edu/?p=1600	anger	0.1001
The Cat	Alan Michael Parker	2017-04-19	http://poetry.lib.uidaho.edu/?p=1600	disgust	0.0987
The Cat	Alan Michael Parker	2017-04-19	http://poetry.lib.uidaho.edu/?p=1600	fear	0.7445
The Cat	Alan Michael Parker	2017-04-19	http://poetry.lib.uidaho.edu/?p=1600	joy	0.4926
The Cat	Alan Michael Parker	2017-04-19	http://poetry.lib.uidaho.edu/?p=1600	sadness	0.5068
What Afterlife	Keetje Kuipers	2017-03-01	http://poetry.lib.uidaho.edu/index.php/keetje-kuipers/what-afterlife/	anger	0.0877
What Afterlife	Keetje Kuipers	2017-03-01	http://poetry.lib.uidaho.edu/index.php/keetje-kuipers/what-afterlife/	disgust	0.08
What Afterlife	Keetje Kuipers	2017-03-01	http://poetry.lib.uidaho.edu/index.php/keetje-kuipers/what-afterlife/	fear	0.4308
What Afterlife	Keetje Kuipers	2017-03-01	http://poetry.lib.uidaho.edu/index.php/keetje-kuipers/what-afterlife/	joy	0.3133
What Afterlife	Keetje Kuipers	2017-03-01	http://poetry.lib.uidaho.edu/index.php/keetje-kuipers/what-afterlife/	sadness	0.513
Dear John Letter, Never Sent	Keetje Kuipers	2017-03-27	http://poetry.lib.uidaho.edu/?p=1607	anger	0.1773
Dear John Letter, Never Sent	Keetje Kuipers	2017-03-27	http://poetry.lib.uidaho.edu/?p=1607	disgust	0.1785
Dear John Letter, Never Sent	Keetje Kuipers	2017-03-27	http://poetry.lib.uidaho.edu/?p=1607	fear	0.0687
Dear John Letter, Never Sent	Keetje Kuipers	2017-03-27	http://poetry.lib.uidaho.edu/?p=1607	joy	0.0046
Dear John Letter, Never Sent	Keetje Kuipers	2017-03-27	http://poetry.lib.uidaho.edu/?p=1607	sadness	0.7161
At the Museum of Modern Art	Keetje Kuipers	2017-05-08	http://poetry.lib.uidaho.edu/?p=1609	anger	0.1502
At the Museum of Modern Art	Keetje Kuipers	2017-05-08	http://poetry.lib.uidaho.edu/?p=1609	disgust	0.1323
At the Museum of Modern Art	Keetje Kuipers	2017-05-08	http://poetry.lib.uidaho.edu/?p=1609	fear	0.1015
At the Museum of Modern Art	Keetje Kuipers	2017-05-08	http://poetry.lib.uidaho.edu/?p=1609	joy	0.2253
At the Museum of Modern Art	Keetje Kuipers	2017-05-08	http://poetry.lib.uidaho.edu/?p=1609	sadness	0.6387
Birthday Poem	Keetje Kuipers	2017-05-13	http://poetry.lib.uidaho.edu/?p=1611	anger	0.094
Birthday Poem	Keetje Kuipers	2017-05-13	http://poetry.lib.uidaho.edu/?p=1611	disgust	0.0671
Birthday Poem	Keetje Kuipers	2017-05-13	http://poetry.lib.uidaho.edu/?p=1611	fear	0.1483
Birthday Poem	Keetje Kuipers	2017-05-13	http://poetry.lib.uidaho.edu/?p=1611	joy	0.5523
Birthday Poem	Keetje Kuipers	2017-05-13	http://poetry.lib.uidaho.edu/?p=1611	sadness	0.5031
Messenger	Naomi Shihab Nye	2017-05-18	http://poetry.lib.uidaho.edu/?p=1622	anger	0.1943
Messenger	Naomi Shihab Nye	2017-05-18	http://poetry.lib.uidaho.edu/?p=1622	disgust	0.1895
Messenger	Naomi Shihab Nye	2017-05-18	http://poetry.lib.uidaho.edu/?p=1622	fear	0.4432
Messenger	Naomi Shihab Nye	2017-05-18	http://poetry.lib.uidaho.edu/?p=1622	joy	0.1776
Messenger	Naomi Shihab Nye	2017-05-18	http://poetry.lib.uidaho.edu/?p=1622	sadness	0.2726
Hidden	Naomi Shihab Nye	2017-05-21	http://poetry.lib.uidaho.edu/?p=1624	anger	0.0813
Hidden	Naomi Shihab Nye	2017-05-21	http://poetry.lib.uidaho.edu/?p=1624	disgust	0.2411
Hidden	Naomi Shihab Nye	2017-05-21	http://poetry.lib.uidaho.edu/?p=1624	fear	0.3526
Hidden	Naomi Shihab Nye	2017-05-21	http://poetry.lib.uidaho.edu/?p=1624	joy	0.0055
Hidden	Naomi Shihab Nye	2017-05-21	http://poetry.lib.uidaho.edu/?p=1624	sadness	0.4364
Jerusalem	Naomi Shihab Nye	2017-04-03	http://poetry.lib.uidaho.edu/?p=1629	anger	0.1647
Jerusalem	Naomi Shihab Nye	2017-04-03	http://poetry.lib.uidaho.edu/?p=1629	disgust	0.1402
Jerusalem	Naomi Shihab Nye	2017-04-03	http://poetry.lib.uidaho.edu/?p=1629	fear	0.5081
Jerusalem	Naomi Shihab Nye	2017-04-03	http://poetry.lib.uidaho.edu/?p=1629	joy	0.2849
Jerusalem	Naomi Shihab Nye	2017-04-03	http://poetry.lib.uidaho.edu/?p=1629	sadness	0.4497
Shoulders	Naomi Shihab Nye	2017-01-25	http://poetry.lib.uidaho.edu/index.php/naomi-shihab-nye/shoulders/	anger	0.1386
Shoulders	Naomi Shihab Nye	2017-01-25	http://poetry.lib.uidaho.edu/index.php/naomi-shihab-nye/shoulders/	disgust	0.0999
Shoulders	Naomi Shihab Nye	2017-01-25	http://poetry.lib.uidaho.edu/index.php/naomi-shihab-nye/shoulders/	fear	0.4108
Shoulders	Naomi Shihab Nye	2017-01-25	http://poetry.lib.uidaho.edu/index.php/naomi-shihab-nye/shoulders/	joy	0.1963
Shoulders	Naomi Shihab Nye	2017-01-25	http://poetry.lib.uidaho.edu/index.php/naomi-shihab-nye/shoulders/	sadness	0.499
Where Are You Now?	Naomi Shihab Nye	2017-02-17	http://poetry.lib.uidaho.edu/index.php/naomi-shihab-nye/where-are-you-now/	anger	0.1126
Where Are You Now?	Naomi Shihab Nye	2017-02-17	http://poetry.lib.uidaho.edu/index.php/naomi-shihab-nye/where-are-you-now/	disgust	0.2003
Where Are You Now?	Naomi Shihab Nye	2017-02-17	http://poetry.lib.uidaho.edu/index.php/naomi-shihab-nye/where-are-you-now/	fear	0.2836
Where Are You Now?	Naomi Shihab Nye	2017-02-17	http://poetry.lib.uidaho.edu/index.php/naomi-shihab-nye/where-are-you-now/	joy	6.0E-4
Where Are You Now?	Naomi Shihab Nye	2017-02-17	http://poetry.lib.uidaho.edu/index.php/naomi-shihab-nye/where-are-you-now/	sadness	0.6007
Dusk	Naomi Shihab Nye	2017-01-11	http://poetry.lib.uidaho.edu/index.php/naomi-shihab-nye/dusk/	anger	0.2644
Dusk	Naomi Shihab Nye	2017-01-11	http://poetry.lib.uidaho.edu/index.php/naomi-shihab-nye/dusk/	disgust	0.0532
Dusk	Naomi Shihab Nye	2017-01-11	http://poetry.lib.uidaho.edu/index.php/naomi-shihab-nye/dusk/	fear	0.2352
Dusk	Naomi Shihab Nye	2017-01-11	http://poetry.lib.uidaho.edu/index.php/naomi-shihab-nye/dusk/	joy	0.0046
Dusk	Naomi Shihab Nye	2017-01-11	http://poetry.lib.uidaho.edu/index.php/naomi-shihab-nye/dusk/	sadness	0.5468
